Number,Name,Type1,Type2,Abilities,HP,Attack,Defense,SpAtk,SpDef,Speed,BST,Mean,Std,Gen
1,Bulbasaur,Grass,Poison,"['Chlorophyll', 'Overgrow']",45,49,49,65,65,45,318,53.0,8.640987597877146,1.0
2,Ivysaur,Grass,Poison,"['Chlorophyll', 'Overgrow']",60,62,63,80,80,60,405,67.5,8.902246907382429,1.0
3,Venusaur,Grass,Poison,"['Chlorophyll', 'Overgrow']",80,82,83,100,100,80,525,87.5,8.902246907382429,1.0
4,Charmander,Fire,,"['Blaze', 'Solar Power']",39,52,43,60,50,65,309,51.5,8.995369179009089,1.0
5,Charmeleon,Fire,,"['Blaze', 'Solar Power']",58,64,58,80,65,80,405,67.5,9.233092656309694,1.0
6,Charizard,Fire,Flying,"['Blaze', 'Solar Power']",78,84,78,109,85,100,534,89.0,11.575836902790224,1.0
7,Squirtle,Water,,"['Rain Dish', 'Torrent']",44,48,65,50,64,43,314,52.333333333333336,8.919392106839767,1.0
8,Wartortle,Water,,"['Rain Dish', 'Torrent']",59,63,80,65,80,58,405,67.5,9.142392101268316,1.0
9,Blastoise,Water,,"['Rain Dish', 'Torrent']",79,83,100,85,105,78,530,88.33333333333333,10.386957633921922,1.0
10,Caterpie,Bug,,"['Run Away', 'Shield Dust']",45,30,35,20,20,45,195,32.5,10.307764064044152,1.0
11,Metapod,Bug,,['Shed Skin'],50,20,55,25,25,30,205,34.166666666666664,13.359349618234496,1.0
12,Butterfree,Bug,Flying,['Tinted Lens'],60,45,50,90,80,70,395,65.83333333333333,15.920810978785664,1.0
13,Weedle,Bug,Poison,"['Run Away', 'Shield Dust']",40,35,30,20,20,50,195,32.5,10.70436048222094,1.0
14,Kakuna,Bug,Poison,['Shed Skin'],45,25,50,25,25,35,205,34.166666666666664,10.172129679778084,1.0
15,Beedrill,Bug,Poison,"['Sniper', 'Swarm']",65,90,40,45,80,75,395,65.83333333333333,18.12380264244296,1.0
16,Pidgey,Normal,Flying,"['Big Pecks', 'Keen Eye', 'Tangled Feet']",40,45,40,35,35,56,251,41.833333333333336,7.197607627229727,1.0
17,Pidgeotto,Normal,Flying,"['Big Pecks', 'Keen Eye', 'Tangled Feet']",63,60,55,50,50,71,349,58.16666666666666,7.470311610338324,1.0
18,Pidgeot,Normal,Flying,"['Big Pecks', 'Keen Eye', 'Tangled Feet']",83,80,75,70,70,101,479,79.83333333333333,10.605292179955356,1.0
19,Rattata,Normal,,"['Guts', 'Hustle', 'Run Away']",30,56,35,25,35,72,253,42.16666666666666,16.46629554237652,1.0
20,Raticate,Normal,,"['Guts', 'Hustle', 'Run Away']",55,81,60,50,70,97,413,68.83333333333333,16.15979235290135,1.0
21,Spearow,Normal,Flying,"['Keen Eye', 'Sniper']",40,60,30,31,31,70,262,43.66666666666666,15.712698332523566,1.0
22,Fearow,Normal,Flying,"['Keen Eye', 'Sniper']",65,90,65,61,61,100,442,73.66666666666667,15.445243784270794,1.0
23,Ekans,Poison,,"['Intimidate', 'Shed Skin', 'Unnerve']",35,60,44,40,54,55,288,48.0,8.925618559330589,1.0
24,Arbok,Poison,,"['Intimidate', 'Shed Skin', 'Unnerve']",60,95,69,65,79,80,448,74.66666666666667,11.55662388223981,1.0
25,Pikachu,Electric,,"['Lightning Rod', 'Static']",35,55,40,50,50,90,320,53.333333333333336,17.716909687891082,1.0
26,Raichu,Electric,,"['Lightning Rod', 'Static']",60,90,55,90,80,110,485,80.83333333333333,18.800856954464127,1.0
27,Sandshrew,Ground,,"['Sand Rush', 'Sand Veil']",50,75,85,20,30,40,300,50.0,23.27373340628157,1.0
28,Sandslash,Ground,,"['Sand Rush', 'Sand Veil']",75,100,110,45,55,65,450,75.0,23.27373340628157,1.0
29,Nidoran♀,Poison,,"['Hustle', 'Poison Point', 'Rivalry']",55,47,52,40,40,41,275,45.833333333333336,5.983774357005413,1.0
30,Nidorina,Poison,,"['Hustle', 'Poison Point', 'Rivalry']",70,62,67,55,55,56,365,60.833333333333336,5.983774357005413,1.0
31,Nidoqueen,Poison,Ground,"['Poison Point', 'Rivalry', 'Sheer Force']",90,92,87,75,85,76,505,84.16666666666667,6.517071598672383,1.0
32,Nidoran♂,Poison,,"['Hustle', 'Poison Point', 'Rivalry']",46,57,40,40,40,50,273,45.5,6.370504951205464,1.0
33,Nidorino,Poison,,"['Hustle', 'Poison Point', 'Rivalry']",61,72,57,55,55,65,365,60.833333333333336,6.121455890735652,1.0
34,Nidoking,Poison,Ground,"['Poison Point', 'Rivalry', 'Sheer Force']",81,102,77,85,75,85,505,84.16666666666667,8.801830617673929,1.0
35,Clefairy,Fairy,,"['Cute Charm', 'Friend Guard', 'Magic Guard']",70,45,48,60,65,35,323,53.833333333333336,12.184917817622823,1.0
36,Clefable,Fairy,,"['Cute Charm', 'Magic Guard', 'Unaware']",95,70,73,95,90,60,483,80.5,13.524668819112232,1.0
37,Vulpix,Fire,,"['Drought', 'Flash Fire']",38,41,40,50,65,65,299,49.833333333333336,11.363929289153855,1.0
38,Ninetales,Fire,,"['Drought', 'Flash Fire']",73,76,75,81,100,100,505,84.16666666666667,11.451588924201255,1.0
39,Jigglypuff,Normal,Fairy,"['Competitive', 'Cute Charm', 'Friend Guard']",115,45,20,45,25,20,270,45.0,33.040379335998345,1.0
40,Wigglytuff,Normal,Fairy,"['Competitive', 'Cute Charm', 'Frisk']",140,70,45,85,50,45,435,72.5,33.509948771471834,1.0
41,Zubat,Poison,Flying,"['Infiltrator', 'Inner Focus']",40,45,35,30,40,55,245,40.833333333333336,7.861650943380503,1.0
42,Golbat,Poison,Flying,"['Infiltrator', 'Inner Focus']",75,80,70,65,75,90,455,75.83333333333333,7.861650943380503,1.0
43,Oddish,Grass,Poison,"['Chlorophyll', 'Run Away']",45,50,55,75,65,30,320,53.333333333333336,14.337208778404378,1.0
44,Gloom,Grass,Poison,"['Chlorophyll', 'Stench']",60,65,70,85,75,40,395,65.83333333333333,13.969212178533509,1.0
45,Vileplume,Grass,Poison,"['Chlorophyll', 'Effect Spore']",75,80,85,110,90,50,490,81.66666666666667,17.950549357115012,1.0
46,Paras,Bug,Grass,"['Damp', 'Dry Skin', 'Effect Spore']",35,70,55,45,55,25,285,47.5,14.648663192705788,1.0
47,Parasect,Bug,Grass,"['Damp', 'Dry Skin', 'Effect Spore']",60,95,80,60,80,30,405,67.5,20.766559657295183,1.0
48,Venonat,Bug,Poison,"['Run Away', 'Tinted Lens']",60,55,50,40,55,45,305,50.833333333333336,6.718548123582125,1.0
49,Venomoth,Bug,Poison,"['Shield Dust', 'Tinted Lens', 'Wonder Skin']",70,65,60,90,75,90,450,75.0,11.547005383792516,1.0
50,Diglett,Ground,,"['Arena Trap', 'Sand Force', 'Sand Veil']",10,55,25,35,45,95,265,44.16666666666666,26.83540364684103,1.0
51,Dugtrio,Ground,,"['Arena Trap', 'Sand Force', 'Sand Veil']",35,100,50,50,70,120,425,70.83333333333333,30.05781466145239,1.0
52,Meowth,Normal,,"['Pickup', 'Technician', 'Unnerve']",40,45,35,40,40,90,290,48.333333333333336,18.856180831641268,1.0
53,Persian,Normal,,"['Limber', 'Technician', 'Unnerve']",65,70,60,65,65,115,440,73.33333333333333,18.856180831641268,1.0
54,Psyduck,Water,,"['Cloud Nine', 'Damp', 'Swift Swim']",50,52,48,65,50,55,320,53.333333333333336,5.647024782032472,1.0
55,Golduck,Water,,"['Cloud Nine', 'Damp', 'Swift Swim']",80,82,78,95,80,85,500,83.33333333333333,5.647024782032472,1.0
56,Mankey,Fighting,,"['Anger Point', 'Defiant', 'Vital Spirit']",40,80,35,35,45,70,305,50.833333333333336,17.658016750347574,1.0
57,Primeape,Fighting,,"['Anger Point', 'Defiant', 'Vital Spirit']",65,105,60,60,70,95,455,75.83333333333333,17.658016750347574,1.0
58,Growlithe,Fire,,"['Flash Fire', 'Intimidate', 'Justified']",55,70,45,70,50,60,350,58.333333333333336,9.428090415820634,1.0
59,Arcanine,Fire,,"['Flash Fire', 'Intimidate', 'Justified']",90,110,80,100,80,95,555,92.5,10.70436048222094,1.0
60,Poliwag,Water,,"['Damp', 'Swift Swim', 'Water Absorb']",40,50,40,40,40,90,300,50.0,18.257418583505537,1.0
61,Poliwhirl,Water,,"['Damp', 'Swift Swim', 'Water Absorb']",65,65,65,50,50,90,385,64.16666666666667,13.359349618234498,1.0
62,Poliwrath,Water,Fighting,"['Damp', 'Swift Swim', 'Water Absorb']",90,95,95,70,90,70,510,85.0,10.801234497346432,1.0
63,Abra,Psychic,,"['Inner Focus', 'Magic Guard', 'Synchronize']",25,20,15,105,55,90,310,51.66666666666666,35.079275299748645,1.0
64,Kadabra,Psychic,,"['Inner Focus', 'Magic Guard', 'Synchronize']",40,35,30,120,70,105,400,66.66666666666667,35.079275299748645,1.0
65,Alakazam,Psychic,,"['Inner Focus', 'Magic Guard', 'Synchronize']",55,50,45,135,95,120,500,83.33333333333333,35.433819375782164,1.0
66,Machop,Fighting,,"['Guts', 'No Guard', 'Steadfast']",70,80,50,35,35,35,305,50.833333333333336,18.12380264244296,1.0
67,Machoke,Fighting,,"['Guts', 'No Guard', 'Steadfast']",80,100,70,50,60,45,405,67.5,18.65252440466616,1.0
68,Machamp,Fighting,,"['Guts', 'No Guard', 'Steadfast']",90,130,80,65,85,55,505,84.16666666666667,23.702437755546484,1.0
69,Bellsprout,Grass,Poison,"['Chlorophyll', 'Gluttony']",50,75,35,70,30,40,300,50.0,17.078251276599328,1.0
70,Weepinbell,Grass,Poison,"['Chlorophyll', 'Gluttony']",65,90,50,85,45,55,390,65.0,17.078251276599328,1.0
71,Victreebel,Grass,Poison,"['Chlorophyll', 'Gluttony']",80,105,65,100,70,70,490,81.66666666666667,15.456030825826172,1.0
72,Tentacool,Water,Poison,"['Clear Body', 'Liquid Ooze', 'Rain Dish']",40,40,35,50,100,70,335,55.833333333333336,22.80655363900668,1.0
73,Tentacruel,Water,Poison,"['Clear Body', 'Liquid Ooze', 'Rain Dish']",80,70,65,80,120,100,515,85.83333333333333,18.800856954464127,1.0
74,Geodude,Rock,Ground,"['Rock Head', 'Sand Veil', 'Sturdy']",40,80,100,30,30,20,300,50.0,29.43920288775949,1.0
75,Graveler,Rock,Ground,"['Rock Head', 'Sand Veil', 'Sturdy']",55,95,115,45,45,35,390,65.0,29.43920288775949,1.0
76,Golem,Rock,Ground,"['Rock Head', 'Sand Veil', 'Sturdy']",80,120,130,55,65,45,495,82.5,31.98306843732581,1.0
77,Ponyta,Fire,,"['Flame Body', 'Flash Fire', 'Run Away']",50,85,55,65,65,90,410,68.33333333333333,14.624940645653536,1.0
78,Rapidash,Fire,,"['Flame Body', 'Flash Fire', 'Run Away']",65,100,70,80,80,105,500,83.33333333333333,14.624940645653536,1.0
79,Slowpoke,Water,Psychic,"['Oblivious', 'Own Tempo', 'Regenerator']",90,65,65,40,40,15,315,52.5,23.935677693908453,1.0
80,Slowbro,Water,Psychic,"['Oblivious', 'Own Tempo', 'Regenerator']",95,75,110,100,80,30,490,81.66666666666667,25.92724864350674,1.0
81,Magnemite,Electric,Steel,"['Analytic', 'Magnet Pull', 'Sturdy']",25,35,70,95,55,45,325,54.16666666666666,23.169064624096407,1.0
82,Magneton,Electric,Steel,"['Analytic', 'Magnet Pull', 'Sturdy']",50,60,95,120,70,70,465,77.5,23.40761984198023,1.0
83,Farfetch'd,Normal,Flying,"['Defiant', 'Inner Focus', 'Keen Eye']",52,90,55,58,62,60,377,62.833333333333336,12.575328579758418,1.0
84,Doduo,Normal,Flying,"['Early Bird', 'Run Away', 'Tangled Feet']",35,85,45,35,35,75,310,51.66666666666666,20.548046676563256,1.0
85,Dodrio,Normal,Flying,"['Early Bird', 'Run Away', 'Tangled Feet']",60,110,70,60,60,110,470,78.33333333333333,22.66911751455907,1.0
86,Seel,Water,,"['Hydration', 'Ice Body', 'Thick Fat']",65,45,55,45,70,45,325,54.16666666666666,10.172129679778086,1.0
87,Dewgong,Water,Ice,"['Hydration', 'Ice Body', 'Thick Fat']",90,70,80,70,95,70,475,79.16666666666667,10.172129679778084,1.0
88,Grimer,Poison,,"['Poison Touch', 'Stench', 'Sticky Hold']",80,80,50,40,50,25,325,54.16666666666666,20.08661798865658,1.0
89,Muk,Poison,,"['Poison Touch', 'Stench', 'Sticky Hold']",105,105,75,65,100,50,500,83.33333333333333,21.34374745810949,1.0
90,Shellder,Water,,"['Overcoat', 'Shell Armor', 'Skill Link']",30,65,100,45,25,40,305,50.833333333333336,25.39958442354695,1.0
91,Cloyster,Water,Ice,"['Overcoat', 'Shell Armor', 'Skill Link']",50,95,180,85,45,70,525,87.5,44.97684589504545,1.0
92,Gastly,Ghost,Poison,['Levitate'],30,35,30,100,35,80,310,51.66666666666666,27.78888666755511,1.0
93,Haunter,Ghost,Poison,['Levitate'],45,50,45,115,55,95,405,67.5,27.34806513570324,1.0
94,Gengar,Ghost,Poison,['Cursed Body'],60,65,60,130,75,110,500,83.33333333333333,27.028791233711427,1.0
95,Onix,Rock,Ground,"['Rock Head', 'Sturdy', 'Weak Armor']",35,45,160,30,45,70,385,64.16666666666667,44.66697761085799,1.0
96,Drowzee,Psychic,,"['Forewarn', 'Inner Focus', 'Insomnia']",60,48,45,43,90,42,328,54.66666666666666,16.888523387857866,1.0
97,Hypno,Psychic,,"['Forewarn', 'Inner Focus', 'Insomnia']",85,73,70,73,115,67,483,80.5,16.408839081421938,1.0
98,Krabby,Water,,"['Hyper Cutter', 'Sheer Force', 'Shell Armor']",30,105,90,25,25,50,325,54.16666666666666,32.06980234148976,1.0
99,Kingler,Water,,"['Hyper Cutter', 'Sheer Force', 'Shell Armor']",55,130,115,50,50,75,475,79.16666666666667,32.06980234148976,1.0
100,Voltorb,Electric,,"['Aftermath', 'Soundproof', 'Static']",40,30,50,55,55,100,330,55.0,21.9848432637882,1.0
101,Electrode,Electric,,"['Aftermath', 'Soundproof', 'Static']",60,50,70,80,80,150,490,81.66666666666667,32.36081306491266,1.0
102,Exeggcute,Grass,Psychic,"['Chlorophyll', 'Harvest']",60,40,80,60,45,40,325,54.16666666666666,14.264368973853074,1.0
103,Exeggutor,Grass,Psychic,"['Chlorophyll', 'Harvest']",95,95,85,125,75,55,530,88.33333333333333,21.34374745810949,1.0
104,Cubone,Ground,,"['Battle Armor', 'Lightning Rod', 'Rock Head']",50,50,95,40,50,35,320,53.333333333333336,19.507833184532707,1.0
105,Marowak,Ground,,"['Battle Armor', 'Lightning Rod', 'Rock Head']",60,80,110,50,80,45,425,70.83333333333333,22.06367049145621,1.0
106,Hitmonlee,Fighting,,"['Limber', 'Reckless', 'Unburden']",50,120,53,35,110,87,455,75.83333333333333,31.88216150486385,1.0
107,Hitmonchan,Fighting,,"['Inner Focus', 'Iron Fist', 'Keen Eye']",50,105,79,35,110,76,455,75.83333333333333,26.965512954306817,1.0
108,Lickitung,Normal,,"['Cloud Nine', 'Oblivious', 'Own Tempo']",90,55,75,60,75,30,385,64.16666666666667,19.02118701752221,1.0
109,Koffing,Poison,,"['Levitate', 'Neutralizing Gas', 'Stench']",40,65,95,60,45,35,340,56.66666666666666,20.13840995599095,1.0
110,Weezing,Poison,,"['Levitate', 'Neutralizing Gas', 'Stench']",65,90,120,85,70,60,490,81.66666666666667,20.13840995599095,1.0
111,Rhyhorn,Ground,Rock,"['Lightning Rod', 'Reckless', 'Rock Head']",80,85,95,30,30,25,345,57.5,29.5451631687264,1.0
112,Rhydon,Ground,Rock,"['Lightning Rod', 'Reckless', 'Rock Head']",105,130,120,45,45,40,485,80.83333333333333,38.23356582318154,1.0
113,Chansey,Normal,,"['Healer', 'Natural Cure', 'Serene Grace']",250,5,5,35,105,50,450,75.0,85.19585279421372,1.0
114,Tangela,Grass,,"['Chlorophyll', 'Leaf Guard', 'Regenerator']",65,55,115,100,40,60,435,72.5,26.25991876098121,1.0
115,Kangaskhan,Normal,,"['Early Bird', 'Inner Focus', 'Scrappy']",105,95,80,40,80,90,490,81.66666666666667,20.548046676563256,1.0
116,Horsea,Water,,"['Damp', 'Sniper', 'Swift Swim']",30,40,70,70,25,60,295,49.16666666666666,18.35226295462104,1.0
117,Seadra,Water,,"['Damp', 'Poison Point', 'Sniper']",55,65,95,95,45,85,440,73.33333333333333,19.507833184532707,1.0
118,Goldeen,Water,,"['Lightning Rod', 'Swift Swim', 'Water Veil']",45,67,60,35,50,63,320,53.333333333333336,11.115554667022044,1.0
119,Seaking,Water,,"['Lightning Rod', 'Swift Swim', 'Water Veil']",80,92,65,65,80,68,450,75.0,9.899494936611664,1.0
120,Staryu,Water,,"['Analytic', 'Illuminate', 'Natural Cure']",30,45,55,70,55,85,340,56.66666666666666,17.480147469502526,1.0
121,Starmie,Water,Psychic,"['Analytic', 'Illuminate', 'Natural Cure']",60,75,85,100,85,115,520,86.66666666666667,17.480147469502526,1.0
123,Scyther,Bug,Flying,"['Steadfast', 'Swarm', 'Technician']",70,110,80,55,80,105,500,83.33333333333333,19.075871903766,1.0
124,Jynx,Ice,Psychic,"['Dry Skin', 'Forewarn', 'Oblivious']",65,50,35,115,95,95,455,75.83333333333333,28.050054466178054,1.0
125,Electabuzz,Electric,,"['Static', 'Vital Spirit']",65,83,57,95,85,105,490,81.66666666666667,16.438437341250605,1.0
126,Magmar,Fire,,"['Flame Body', 'Vital Spirit']",65,95,57,100,85,93,495,82.5,15.997395621371206,1.0
127,Pinsir,Bug,,"['Hyper Cutter', 'Mold Breaker', 'Moxie']",65,125,100,55,70,85,500,83.33333333333333,23.570226039551585,1.0
128,Tauros,Normal,,"['Anger Point', 'Intimidate', 'Sheer Force']",75,100,95,40,70,110,490,81.66666666666667,23.21398046197353,1.0
129,Magikarp,Water,,"['Rattled', 'Swift Swim']",20,10,55,15,20,80,200,33.333333333333336,25.440562537456245,1.0
130,Gyarados,Water,Flying,"['Intimidate', 'Moxie']",95,125,79,60,100,81,540,90.0,20.21550560007508,1.0
131,Lapras,Water,Ice,"['Hydration', 'Shell Armor', 'Water Absorb']",130,85,80,85,95,60,535,89.16666666666667,21.09831483528694,1.0
132,Ditto,Normal,,"['Imposter', 'Limber']",48,48,48,48,48,48,288,48.0,0.0,1.0
133,Eevee,Normal,,"['Adaptability', 'Anticipation', 'Run Away']",55,55,50,45,65,55,325,54.16666666666666,6.066758241067098,1.0
134,Vaporeon,Water,,"['Hydration', 'Water Absorb']",130,65,60,110,95,65,525,87.5,26.25991876098121,1.0
135,Jolteon,Electric,,"['Quick Feet', 'Volt Absorb']",65,65,60,110,95,130,525,87.5,26.25991876098121,1.0
136,Flareon,Fire,,"['Flash Fire', 'Guts']",65,130,60,95,110,65,525,87.5,26.25991876098121,1.0
137,Porygon,Normal,,"['Analytic', 'Download', 'Trace']",65,60,70,85,75,40,395,65.83333333333333,13.969212178533509,1.0
138,Omanyte,Rock,Water,"['Shell Armor', 'Swift Swim', 'Weak Armor']",35,40,100,90,55,35,355,59.16666666666666,26.36548669926062,1.0
139,Omastar,Rock,Water,"['Shell Armor', 'Swift Swim', 'Weak Armor']",70,60,125,115,70,55,495,82.5,27.195281453467864,1.0
140,Kabuto,Rock,Water,"['Battle Armor', 'Swift Swim', 'Weak Armor']",30,80,90,55,45,55,355,59.16666666666666,20.29299276980987,1.0
141,Kabutops,Rock,Water,"['Battle Armor', 'Swift Swim', 'Weak Armor']",60,115,105,65,70,80,495,82.5,20.56493779875511,1.0
142,Aerodactyl,Rock,Flying,"['Pressure', 'Rock Head', 'Unnerve']",80,105,65,60,75,130,515,85.83333333333333,24.395468613840745,1.0
143,Snorlax,Normal,,"['Gluttony', 'Immunity', 'Thick Fat']",160,110,65,65,110,30,540,90.0,41.93248541803041,1.0
144,Articuno,Ice,Flying,"['Pressure', 'Snow Cloak']",90,85,100,95,125,85,580,96.66666666666669,13.743685418725534,1.0
145,Zapdos,Electric,Flying,"['Pressure', 'Static']",90,90,85,125,90,100,580,96.66666666666669,13.437096247164249,1.0
146,Moltres,Fire,Flying,"['Flame Body', 'Pressure']",90,100,90,125,85,90,580,96.66666666666669,13.437096247164249,1.0
147,Dratini,Dragon,,"['Marvel Scale', 'Shed Skin']",41,64,45,50,50,50,300,50.0,7.094598884597588,1.0
148,Dragonair,Dragon,,"['Marvel Scale', 'Shed Skin']",61,84,65,70,70,70,420,70.0,7.094598884597588,1.0
149,Dragonite,Dragon,Flying,"['Inner Focus', 'Multiscale']",91,134,95,100,100,80,600,100.0,16.64331697709324,1.0
150,Mewtwo,Psychic,,"['Pressure', 'Unnerve']",106,110,90,154,90,130,680,113.33333333333331,22.6764684689266,1.0
151,Mew,Psychic,,['Synchronize'],100,100,100,100,100,100,600,100.0,0.0,1.0
152,Chikorita,Grass,,"['Leaf Guard', 'Overgrow']",45,49,65,49,65,45,318,53.0,8.640987597877146,2.0
153,Bayleef,Grass,,"['Leaf Guard', 'Overgrow']",60,62,80,63,80,60,405,67.5,8.902246907382429,2.0
155,Cyndaquil,Fire,,"['Blaze', 'Flash Fire']",39,52,43,60,50,65,309,51.5,8.995369179009089,2.0
156,Quilava,Fire,,"['Blaze', 'Flash Fire']",58,64,58,80,65,80,405,67.5,9.233092656309694,2.0
157,Typhlosion,Fire,,"['Blaze', 'Flash Fire']",78,84,78,109,85,100,534,89.0,11.575836902790224,2.0
158,Totodile,Water,,"['Sheer Force', 'Torrent']",50,65,64,44,48,43,314,52.333333333333336,8.919392106839767,2.0
159,Croconaw,Water,,"['Sheer Force', 'Torrent']",65,80,80,59,63,58,405,67.5,9.142392101268316,2.0
160,Feraligatr,Water,,"['Sheer Force', 'Torrent']",85,105,100,79,83,78,530,88.33333333333333,10.386957633921922,2.0
161,Sentret,Normal,,"['Frisk', 'Keen Eye', 'Run Away']",35,46,34,35,45,20,215,35.833333333333336,8.591015979239915,2.0
162,Furret,Normal,,"['Frisk', 'Keen Eye', 'Run Away']",85,76,64,45,55,90,415,69.16666666666667,16.035550782211658,2.0
163,Hoothoot,Normal,Flying,"['Insomnia', 'Keen Eye', 'Tinted Lens']",60,30,30,36,56,50,262,43.66666666666666,12.188336865854811,2.0
164,Noctowl,Normal,Flying,"['Insomnia', 'Keen Eye', 'Tinted Lens']",100,50,50,86,96,70,452,75.33333333333333,20.253943374617748,2.0
165,Ledyba,Bug,Flying,"['Early Bird', 'Rattled', 'Swarm']",40,20,30,40,80,55,265,44.16666666666666,19.238993967692,2.0
166,Ledian,Bug,Flying,"['Early Bird', 'Iron Fist', 'Swarm']",55,35,50,55,110,85,390,65.0,25.0,2.0
167,Spinarak,Bug,Poison,"['Insomnia', 'Sniper', 'Swarm']",40,60,40,40,40,30,250,41.66666666666666,8.975274678557506,2.0
168,Ariados,Bug,Poison,"['Insomnia', 'Sniper', 'Swarm']",70,90,70,60,70,40,400,66.66666666666667,14.907119849998598,2.0
169,Crobat,Poison,Flying,"['Infiltrator', 'Inner Focus']",85,90,80,70,80,130,535,89.16666666666667,19.238993967692,2.0
170,Chinchou,Water,Electric,"['Illuminate', 'Volt Absorb', 'Water Absorb']",75,38,38,56,56,67,330,55.0,13.686976778431871,2.0
171,Lanturn,Water,Electric,"['Illuminate', 'Volt Absorb', 'Water Absorb']",125,58,58,76,76,67,460,76.66666666666667,22.830291768223688,2.0
172,Pichu,Electric,,"['Lightning Rod', 'Static']",20,40,15,35,35,60,205,34.166666666666664,14.55354099714415,2.0
173,Cleffa,Fairy,,"['Cute Charm', 'Friend Guard', 'Magic Guard']",50,25,28,45,55,15,218,36.333333333333336,14.510532573119276,2.0
174,Igglybuff,Normal,Fairy,"['Competitive', 'Cute Charm', 'Friend Guard']",90,30,15,40,20,15,210,35.0,26.140645235596867,2.0
175,Togepi,Fairy,,"['Hustle', 'Serene Grace', 'Super Luck']",35,20,65,40,65,20,245,40.833333333333336,18.57791400800663,2.0
176,Togetic,Fairy,Flying,"['Hustle', 'Serene Grace', 'Super Luck']",55,40,85,80,105,40,405,67.5,24.28133714055577,2.0
177,Natu,Psychic,Flying,"['Early Bird', 'Magic Bounce', 'Synchronize']",40,50,45,70,45,70,320,53.333333333333336,12.133516482134198,2.0
178,Xatu,Psychic,Flying,"['Early Bird', 'Magic Bounce', 'Synchronize']",65,75,70,95,70,95,470,78.33333333333333,12.133516482134198,2.0
179,Mareep,Electric,,"['Plus', 'Static']",55,40,40,65,45,35,280,46.66666666666666,10.274023338281628,2.0
180,Flaaffy,Electric,,"['Plus', 'Static']",70,55,55,80,60,45,365,60.833333333333336,11.334558757279536,2.0
181,Ampharos,Electric,,"['Plus', 'Static']",90,75,85,115,90,55,510,85.0,18.027756377319943,2.0
182,Bellossom,Grass,,"['Chlorophyll', 'Healer']",75,80,95,90,100,50,490,81.66666666666667,16.499158227686106,2.0
183,Marill,Water,Fairy,"['Huge Power', 'Sap Sipper', 'Thick Fat']",70,20,50,20,50,40,250,41.66666666666666,17.716909687891082,2.0
184,Azumarill,Water,Fairy,"['Huge Power', 'Sap Sipper', 'Thick Fat']",100,50,80,60,80,50,420,70.0,18.257418583505537,2.0
185,Sudowoodo,Rock,,"['Rattled', 'Rock Head', 'Sturdy']",70,100,115,30,65,30,410,68.33333333333333,31.97221015541813,2.0
186,Politoed,Water,,"['Damp', 'Drizzle', 'Water Absorb']",90,75,75,90,100,70,500,83.33333333333333,10.671873729054749,2.0
187,Hoppip,Grass,Flying,"['Chlorophyll', 'Infiltrator', 'Leaf Guard']",35,35,40,35,55,50,250,41.66666666666666,7.993052538854533,2.0
188,Skiploom,Grass,Flying,"['Chlorophyll', 'Infiltrator', 'Leaf Guard']",55,45,50,45,65,80,340,56.66666666666666,12.47219128924647,2.0
189,Jumpluff,Grass,Flying,"['Chlorophyll', 'Infiltrator', 'Leaf Guard']",75,55,70,55,95,110,460,76.66666666666667,20.13840995599095,2.0
190,Aipom,Normal,,"['Pickup', 'Run Away', 'Skill Link']",55,70,55,40,55,85,360,60.0,14.142135623730953,2.0
191,Sunkern,Grass,,"['Chlorophyll', 'Early Bird', 'Solar Power']",30,30,30,30,30,30,180,30.0,0.0,2.0
192,Sunflora,Grass,,"['Chlorophyll', 'Early Bird', 'Solar Power']",75,75,55,105,85,30,425,70.83333333333333,23.52599035582184,2.0
193,Yanma,Bug,Flying,"['Frisk', 'Speed Boost']",65,65,45,75,45,95,390,65.0,17.320508075688775,2.0
194,Wooper,Water,Ground,"['Damp', 'Unaware', 'Water Absorb']",55,45,45,25,25,15,210,35.0,14.142135623730953,2.0
195,Quagsire,Water,Ground,"['Damp', 'Unaware', 'Water Absorb']",95,85,85,65,65,35,430,71.66666666666667,19.72026594366539,2.0
196,Espeon,Psychic,,"['Magic Bounce', 'Synchronize']",65,65,60,130,95,110,525,87.5,26.25991876098121,2.0
197,Umbreon,Dark,,"['Inner Focus', 'Synchronize']",95,65,110,60,130,65,525,87.5,26.25991876098121,2.0
198,Murkrow,Dark,Flying,"['Insomnia', 'Prankster', 'Super Luck']",60,85,42,85,42,91,405,67.5,20.5,2.0
199,Slowking,Water,Psychic,"['Oblivious', 'Own Tempo', 'Regenerator']",95,75,80,100,110,30,490,81.66666666666667,25.92724864350674,2.0
200,Misdreavus,Ghost,,['Levitate'],60,60,60,85,85,85,435,72.5,12.5,2.0
201,Unown,Psychic,,['Levitate'],48,72,48,72,48,48,336,56.0,11.31370849898476,2.0
202,Wobbuffet,Psychic,,"['Shadow Tag', 'Telepathy']",190,33,58,33,58,33,405,67.5,55.9128786595718,2.0
203,Girafarig,Normal,Psychic,"['Early Bird', 'Inner Focus', 'Sap Sipper']",70,80,65,90,65,85,455,75.83333333333333,9.753916592266354,2.0
204,Pineco,Bug,,"['Overcoat', 'Sturdy']",50,65,90,35,35,15,290,48.333333333333336,24.09472049133493,2.0
205,Forretress,Bug,Steel,"['Overcoat', 'Sturdy']",75,90,140,60,60,40,465,77.5,31.85252475602732,2.0
206,Dunsparce,Normal,,"['Rattled', 'Run Away', 'Serene Grace']",100,70,70,65,65,45,415,69.16666666666667,16.18040653245633,2.0
207,Gligar,Ground,Flying,"['Hyper Cutter', 'Immunity', 'Sand Veil']",65,75,105,35,65,85,430,71.66666666666667,21.34374745810949,2.0
208,Steelix,Steel,Ground,"['Rock Head', 'Sheer Force', 'Sturdy']",75,85,200,55,65,30,510,85.0,54.23713365090993,2.0
209,Snubbull,Fairy,,"['Intimidate', 'Rattled', 'Run Away']",60,80,50,40,40,30,300,50.0,16.329931618554518,2.0
210,Granbull,Fairy,,"['Intimidate', 'Quick Feet', 'Rattled']",90,120,75,60,60,45,450,75.0,24.49489742783178,2.0
211,Qwilfish,Water,Poison,"['Intimidate', 'Poison Point', 'Swift Swim']",65,95,85,55,55,85,440,73.33333333333333,15.723301886761003,2.0
212,Scizor,Bug,Steel,"['Light Metal', 'Swarm', 'Technician']",70,130,100,55,80,65,500,83.33333333333333,25.110865288865604,2.0
213,Shuckle,Bug,Rock,"['Contrary', 'Gluttony', 'Sturdy']",20,10,230,10,230,5,505,84.16666666666667,103.21565880341132,2.0
214,Heracross,Bug,Fighting,"['Guts', 'Moxie', 'Swarm']",80,125,75,40,95,85,500,83.33333333333333,25.27625148017184,2.0
215,Sneasel,Dark,Ice,"['Inner Focus', 'Keen Eye', 'Pickpocket']",55,95,55,35,75,115,430,71.66666666666667,26.874192494328497,2.0
216,Teddiursa,Normal,,"['Honey Gather', 'Pickup', 'Quick Feet']",60,80,50,50,50,40,330,55.0,12.583057392117915,2.0
217,Ursaring,Normal,,"['Guts', 'Quick Feet', 'Unnerve']",90,130,75,75,75,55,500,83.33333333333333,23.21398046197353,2.0
218,Slugma,Fire,,"['Flame Body', 'Magma Armor', 'Weak Armor']",40,40,40,70,40,20,250,41.66666666666666,14.624940645653536,2.0
219,Magcargo,Fire,Rock,"['Flame Body', 'Magma Armor', 'Weak Armor']",60,50,120,90,80,30,430,71.66666666666667,29.1070819942883,2.0
220,Swinub,Ice,Ground,"['Oblivious', 'Snow Cloak', 'Thick Fat']",50,50,40,30,30,50,250,41.66666666666666,8.975274678557506,2.0
221,Piloswine,Ice,Ground,"['Oblivious', 'Snow Cloak', 'Thick Fat']",100,100,80,60,60,50,450,75.0,19.7905701450632,2.0
222,Corsola,Water,Rock,"['Hustle', 'Natural Cure', 'Regenerator']",65,55,95,65,95,35,410,68.33333333333333,21.34374745810949,2.0
223,Remoraid,Water,,"['Hustle', 'Moody', 'Sniper']",35,65,35,65,35,65,300,50.0,15.0,2.0
224,Octillery,Water,,"['Moody', 'Sniper', 'Suction Cups']",75,105,75,105,75,45,480,80.0,20.615528128088304,2.0
225,Delibird,Ice,Flying,"['Hustle', 'Insomnia', 'Vital Spirit']",45,55,45,65,45,75,330,55.0,11.547005383792516,2.0
226,Mantine,Water,Flying,"['Swift Swim', 'Water Absorb', 'Water Veil']",85,40,70,80,140,70,485,80.83333333333333,30.05781466145239,2.0
227,Skarmory,Steel,Flying,"['Keen Eye', 'Sturdy', 'Weak Armor']",65,80,140,40,70,70,465,77.5,30.516389039334257,2.0
228,Houndour,Dark,Fire,"['Early Bird', 'Flash Fire', 'Unnerve']",45,60,30,80,50,65,330,55.0,15.811388300841896,2.0
229,Houndoom,Dark,Fire,"['Early Bird', 'Flash Fire', 'Unnerve']",75,90,50,110,80,95,500,83.33333333333333,18.63389981249825,2.0
230,Kingdra,Water,Dragon,"['Damp', 'Sniper', 'Swift Swim']",75,95,95,95,95,85,540,90.0,7.637626158259733,2.0
231,Phanpy,Ground,,"['Pickup', 'Sand Veil']",90,60,60,40,40,40,330,55.0,18.027756377319943,2.0
232,Donphan,Ground,,"['Sand Veil', 'Sturdy']",90,120,120,60,60,50,500,83.33333333333333,28.67441755680876,2.0
233,Porygon2,Normal,,"['Analytic', 'Download', 'Trace']",85,80,90,105,95,60,515,85.83333333333333,13.969212178533509,2.0
234,Stantler,Normal,,"['Frisk', 'Intimidate', 'Sap Sipper']",73,95,62,85,65,85,465,77.5,11.800423721205949,2.0
235,Smeargle,Normal,,"['Moody', 'Own Tempo', 'Technician']",55,20,35,20,45,75,250,41.66666666666666,19.507833184532707,2.0
236,Tyrogue,Fighting,,"['Guts', 'Steadfast', 'Vital Spirit']",35,35,35,35,35,35,210,35.0,0.0,2.0
237,Hitmontop,Fighting,,"['Intimidate', 'Steadfast', 'Technician']",50,95,95,35,110,70,455,75.83333333333333,26.679684322636867,2.0
238,Smoochum,Ice,Psychic,"['Forewarn', 'Hydration', 'Oblivious']",45,30,15,85,65,65,305,50.833333333333336,23.52599035582184,2.0
239,Elekid,Electric,,"['Static', 'Vital Spirit']",45,63,37,65,55,95,360,60.0,18.43004792903878,2.0
240,Magby,Fire,,"['Flame Body', 'Vital Spirit']",45,75,37,70,55,83,365,60.833333333333336,16.47641411904369,2.0
241,Miltank,Normal,,"['Sap Sipper', 'Scrappy', 'Thick Fat']",95,80,105,40,70,100,490,81.66666666666667,22.110831935702667,2.0
242,Blissey,Normal,,"['Healer', 'Natural Cure', 'Serene Grace']",255,10,10,75,135,55,540,90.0,85.14693182963201,2.0
243,Raikou,Electric,,"['Inner Focus', 'Pressure']",90,85,75,115,100,115,580,96.66666666666669,14.907119849998598,2.0
244,Entei,Fire,,"['Inner Focus', 'Pressure']",115,115,85,90,75,100,580,96.66666666666669,14.907119849998598,2.0
245,Suicune,Water,,"['Inner Focus', 'Pressure']",100,75,115,90,115,85,580,96.66666666666669,14.907119849998598,2.0
246,Larvitar,Rock,Ground,"['Guts', 'Sand Veil']",50,64,50,45,50,41,300,50.0,7.094598884597588,2.0
247,Pupitar,Rock,Ground,['Shed Skin'],70,84,70,65,70,51,410,68.33333333333333,9.706813185707356,2.0
248,Tyranitar,Rock,Dark,"['Sand Stream', 'Unnerve']",100,134,110,95,100,61,600,100.0,21.61018278497431,2.0
249,Lugia,Psychic,Flying,"['Multiscale', 'Pressure']",106,90,130,90,154,110,680,113.33333333333331,22.6764684689266,2.0
251,Celebi,Psychic,Grass,['Natural Cure'],100,100,100,100,100,100,600,100.0,0.0,2.0
252,Treecko,Grass,,"['Overgrow', 'Unburden']",40,45,35,65,55,70,310,51.66666666666666,12.801909579781013,3.0
253,Grovyle,Grass,,"['Overgrow', 'Unburden']",50,65,45,85,65,95,405,67.5,17.73649721149397,3.0
254,Sceptile,Grass,,"['Overgrow', 'Unburden']",70,85,65,105,85,120,530,88.33333333333333,19.075871903766,3.0
255,Torchic,Fire,,"['Blaze', 'Speed Boost']",45,60,40,70,50,45,310,51.66666666666666,10.274023338281626,3.0
256,Combusken,Fire,Fighting,"['Blaze', 'Speed Boost']",60,85,60,85,60,55,405,67.5,12.5,3.0
257,Blaziken,Fire,Fighting,"['Blaze', 'Speed Boost']",80,120,70,110,70,80,530,88.33333333333333,19.507833184532707,3.0
258,Mudkip,Water,,"['Damp', 'Torrent']",50,70,50,50,50,40,310,51.66666666666666,8.975274678557506,3.0
259,Marshtomp,Water,Ground,"['Damp', 'Torrent']",70,85,70,60,70,50,405,67.5,10.70436048222094,3.0
260,Swampert,Water,Ground,"['Damp', 'Torrent']",100,110,90,85,90,60,535,89.16666666666667,15.388487760516156,3.0
261,Poochyena,Dark,,"['Quick Feet', 'Rattled', 'Run Away']",35,55,35,30,30,35,220,36.66666666666666,8.498365855987974,3.0
262,Mightyena,Dark,,"['Intimidate', 'Moxie', 'Quick Feet']",70,90,70,60,60,70,420,70.0,10.0,3.0
263,Zigzagoon,Normal,,"['Gluttony', 'Pickup', 'Quick Feet']",38,30,41,30,41,60,240,40.0,10.04987562112089,3.0
264,Linoone,Normal,,"['Gluttony', 'Pickup', 'Quick Feet']",78,70,61,50,61,100,420,70.0,15.947831618540912,3.0
265,Wurmple,Bug,,"['Run Away', 'Shield Dust']",45,45,35,20,30,20,195,32.5,10.307764064044152,3.0
266,Silcoon,Bug,,['Shed Skin'],50,35,55,25,25,15,205,34.166666666666664,14.264368973853074,3.0
267,Beautifly,Bug,Flying,"['Rivalry', 'Swarm']",60,70,50,100,50,65,395,65.83333333333333,16.93533452741798,3.0
268,Cascoon,Bug,,['Shed Skin'],50,35,55,25,25,15,205,34.166666666666664,14.264368973853074,3.0
269,Dustox,Bug,Poison,['Shield Dust'],60,50,70,50,90,65,385,64.16666666666667,13.667682889047272,3.0
270,Lotad,Water,Grass,"['Own Tempo', 'Rain Dish', 'Swift Swim']",40,30,30,40,50,30,220,36.66666666666666,7.453559924999299,3.0
271,Lombre,Water,Grass,"['Own Tempo', 'Rain Dish', 'Swift Swim']",60,50,50,60,70,50,340,56.66666666666666,7.453559924999299,3.0
272,Ludicolo,Water,Grass,"['Own Tempo', 'Rain Dish', 'Swift Swim']",80,70,70,90,100,70,480,80.0,11.547005383792516,3.0
273,Seedot,Grass,,"['Chlorophyll', 'Early Bird', 'Pickpocket']",40,40,50,30,30,30,220,36.66666666666666,7.453559924999299,3.0
274,Nuzleaf,Grass,Dark,"['Chlorophyll', 'Early Bird', 'Pickpocket']",70,70,40,60,40,60,340,56.66666666666666,12.47219128924647,3.0
275,Shiftry,Grass,Dark,"['Chlorophyll', 'Early Bird', 'Pickpocket']",90,100,60,90,60,80,480,80.0,15.275252316519468,3.0
276,Taillow,Normal,Flying,"['Guts', 'Scrappy']",40,55,30,30,30,85,270,45.0,20.0,3.0
277,Swellow,Normal,Flying,"['Guts', 'Scrappy']",60,85,60,75,50,125,455,75.83333333333333,24.73470346609305,3.0
278,Wingull,Water,Flying,"['Hydration', 'Keen Eye', 'Rain Dish']",40,30,30,55,30,85,270,45.0,20.0,3.0
279,Pelipper,Water,Flying,"['Drizzle', 'Keen Eye', 'Rain Dish']",60,50,100,95,70,65,440,73.33333333333333,18.18118685772619,3.0
280,Ralts,Psychic,Fairy,"['Synchronize', 'Telepathy', 'Trace']",28,25,25,45,35,40,198,33.0,7.637626158259733,3.0
281,Kirlia,Psychic,Fairy,"['Synchronize', 'Telepathy', 'Trace']",38,35,35,65,55,50,278,46.333333333333336,11.279282877125754,3.0
282,Gardevoir,Psychic,Fairy,"['Synchronize', 'Telepathy', 'Trace']",68,65,65,125,115,80,518,86.33333333333333,24.506235034283737,3.0
283,Surskit,Bug,Water,"['Rain Dish', 'Swift Swim']",40,30,32,50,52,65,269,44.833333333333336,12.198588260760156,3.0
284,Masquerain,Bug,Flying,"['Intimidate', 'Unnerve']",70,60,62,100,82,80,454,75.66666666666667,13.634107557478377,3.0
285,Shroomish,Grass,,"['Effect Spore', 'Poison Heal', 'Quick Feet']",60,40,60,40,60,35,295,49.16666666666666,10.96078869830492,3.0
286,Breloom,Grass,Fighting,"['Effect Spore', 'Poison Heal', 'Technician']",60,130,80,60,60,70,460,76.66666666666667,24.94438257849294,3.0
287,Slakoth,Normal,,['Truant'],60,60,60,35,35,30,280,46.66666666666666,13.43709624716425,3.0
288,Vigoroth,Normal,,['Vital Spirit'],80,80,80,55,55,90,440,73.33333333333333,13.43709624716425,3.0
289,Slaking,Normal,,['Truant'],150,160,100,95,65,100,670,111.66666666666669,32.99831645537222,3.0
290,Nincada,Bug,Ground,['Run Away'],31,45,90,30,30,40,266,44.333333333333336,21.18699810942761,3.0
291,Ninjask,Bug,Flying,"['Infiltrator', 'Speed Boost']",61,90,45,50,50,160,456,76.0,40.39389392800187,3.0
292,Shedinja,Bug,Ghost,['Wonder Guard'],1,90,45,30,30,40,236,39.333333333333336,26.59365003571759,3.0
293,Whismur,Normal,,"['Rattled', 'Soundproof']",64,51,23,51,23,28,240,40.0,16.02081978759722,3.0
294,Loudred,Normal,,"['Scrappy', 'Soundproof']",84,71,43,71,43,48,360,60.0,16.02081978759722,3.0
295,Exploud,Normal,,"['Scrappy', 'Soundproof']",104,91,63,91,73,68,490,81.66666666666667,14.624940645653538,3.0
296,Makuhita,Fighting,,"['Guts', 'Sheer Force', 'Thick Fat']",72,60,30,20,30,25,237,39.5,19.354155453889827,3.0
297,Hariyama,Fighting,,"['Guts', 'Sheer Force', 'Thick Fat']",144,120,60,40,60,50,474,79.0,38.708310907779655,3.0
298,Azurill,Normal,Fairy,"['Huge Power', 'Sap Sipper', 'Thick Fat']",50,20,40,20,40,20,190,31.666666666666668,12.133516482134198,3.0
299,Nosepass,Rock,,"['Magnet Pull', 'Sand Force', 'Sturdy']",30,45,135,45,90,30,375,62.5,38.16084380618437,3.0
300,Skitty,Normal,,"['Cute Charm', 'Normalize', 'Wonder Skin']",50,45,45,35,35,50,260,43.333333333333336,6.236095644623235,3.0
301,Delcatty,Normal,,"['Cute Charm', 'Normalize', 'Wonder Skin']",70,65,65,55,55,90,400,66.66666666666667,11.785113019775793,3.0
302,Sableye,Dark,Ghost,"['Keen Eye', 'Prankster', 'Stall']",50,75,75,65,65,50,380,63.333333333333336,10.274023338281626,3.0
303,Mawile,Steel,Fairy,"['Hyper Cutter', 'Intimidate', 'Sheer Force']",50,85,85,55,55,50,380,63.333333333333336,15.456030825826172,3.0
304,Aron,Steel,Rock,"['Heavy Metal', 'Rock Head', 'Sturdy']",50,70,100,40,40,30,330,55.0,23.62907813126304,3.0
305,Lairon,Steel,Rock,"['Heavy Metal', 'Rock Head', 'Sturdy']",60,90,140,50,50,40,430,71.66666666666667,34.35921354681384,3.0
306,Aggron,Steel,Rock,"['Heavy Metal', 'Rock Head', 'Sturdy']",70,110,180,60,60,50,530,88.33333333333333,45.24623986832742,3.0
307,Meditite,Fighting,Psychic,"['Pure Power', 'Telepathy']",30,40,55,40,55,60,280,46.66666666666666,10.671873729054749,3.0
308,Medicham,Fighting,Psychic,"['Pure Power', 'Telepathy']",60,60,75,60,75,80,410,68.33333333333333,8.498365855987975,3.0
309,Electrike,Electric,,"['Lightning Rod', 'Minus', 'Static']",40,45,40,65,40,65,295,49.16666666666666,11.334558757279536,3.0
310,Manectric,Electric,,"['Lightning Rod', 'Minus', 'Static']",70,75,60,105,60,105,475,79.16666666666667,19.02118701752221,3.0
311,Plusle,Electric,,"['Lightning Rod', 'Plus']",60,50,40,85,75,95,405,67.5,19.311050377094112,3.0
312,Minun,Electric,,"['Minus', 'Volt Absorb']",60,40,50,75,85,95,405,67.5,19.311050377094112,3.0
313,Volbeat,Bug,,"['Illuminate', 'Prankster', 'Swarm']",65,73,75,47,85,85,430,71.66666666666667,13.046923860520618,3.0
314,Illumise,Bug,,"['Oblivious', 'Prankster', 'Tinted Lens']",65,47,75,73,85,85,430,71.66666666666667,13.046923860520618,3.0
315,Roselia,Grass,Poison,"['Leaf Guard', 'Natural Cure', 'Poison Point']",50,60,45,100,80,65,400,66.66666666666667,18.63389981249825,3.0
316,Gulpin,Poison,,"['Gluttony', 'Liquid Ooze', 'Sticky Hold']",70,43,53,43,53,40,302,50.333333333333336,10.126971687308874,3.0
317,Swalot,Poison,,"['Gluttony', 'Liquid Ooze', 'Sticky Hold']",100,73,83,73,83,55,467,77.83333333333333,13.618818679394414,3.0
318,Carvanha,Water,Dark,"['Rough Skin', 'Speed Boost']",45,90,20,65,20,65,305,50.833333333333336,25.399584423546948,3.0
319,Sharpedo,Water,Dark,"['Rough Skin', 'Speed Boost']",70,120,40,95,40,95,460,76.66666666666667,29.674156357941424,3.0
320,Wailmer,Water,,"['Oblivious', 'Pressure', 'Water Veil']",130,70,35,70,35,60,400,66.66666666666667,31.84162195757133,3.0
321,Wailord,Water,,"['Oblivious', 'Pressure', 'Water Veil']",170,90,45,90,45,60,500,83.33333333333333,42.97932319409209,3.0
322,Numel,Fire,Ground,"['Oblivious', 'Own Tempo', 'Simple']",60,60,40,65,45,35,305,50.833333333333336,11.334558757279536,3.0
323,Camerupt,Fire,Ground,"['Anger Point', 'Magma Armor', 'Solid Rock']",70,100,70,105,75,40,460,76.66666666666667,21.53807997220014,3.0
324,Torkoal,Fire,,"['Drought', 'Shell Armor', 'White Smoke']",70,85,140,85,70,20,470,78.33333333333333,35.19785346990479,3.0
325,Spoink,Psychic,,"['Gluttony', 'Own Tempo', 'Thick Fat']",60,25,35,70,80,60,330,55.0,19.14854215512676,3.0
326,Grumpig,Psychic,,"['Gluttony', 'Own Tempo', 'Thick Fat']",80,45,65,90,110,80,470,78.33333333333333,20.13840995599095,3.0
327,Spinda,Normal,,"['Contrary', 'Own Tempo', 'Tangled Feet']",60,60,60,60,60,60,360,60.0,0.0,3.0
328,Trapinch,Ground,,"['Arena Trap', 'Hyper Cutter', 'Sheer Force']",45,100,45,45,45,10,290,48.333333333333336,26.40496586292476,3.0
329,Vibrava,Ground,Dragon,['Levitate'],50,70,50,50,50,70,340,56.66666666666666,9.428090415820632,3.0
330,Flygon,Ground,Dragon,['Levitate'],80,100,80,80,80,100,520,86.66666666666667,9.428090415820634,3.0
331,Cacnea,Grass,,"['Sand Veil', 'Water Absorb']",50,85,40,85,40,35,335,55.833333333333336,21.09831483528693,3.0
332,Cacturne,Grass,Dark,"['Sand Veil', 'Water Absorb']",70,115,60,115,60,55,475,79.16666666666667,25.72558173405522,3.0
333,Swablu,Normal,Flying,"['Cloud Nine', 'Natural Cure']",45,40,60,40,75,50,310,51.66666666666666,12.47219128924647,3.0
334,Altaria,Dragon,Flying,"['Cloud Nine', 'Natural Cure']",75,70,90,70,105,80,490,81.66666666666667,12.47219128924647,3.0
335,Zangoose,Normal,,"['Immunity', 'Toxic Boost']",73,115,60,60,60,90,458,76.33333333333333,20.385179801894207,3.0
336,Seviper,Poison,,"['Infiltrator', 'Shed Skin']",73,100,60,100,60,65,458,76.33333333333333,17.288403306519918,3.0
337,Lunatone,Rock,Psychic,['Levitate'],90,55,65,95,85,70,460,76.66666666666667,14.337208778404378,3.0
338,Solrock,Rock,Psychic,['Levitate'],90,95,85,55,65,70,460,76.66666666666667,14.337208778404378,3.0
339,Barboach,Water,Ground,"['Anticipation', 'Hydration', 'Oblivious']",50,48,43,46,41,60,288,48.0,6.137317546507322,3.0
340,Whiscash,Water,Ground,"['Anticipation', 'Hydration', 'Oblivious']",110,78,73,76,71,60,468,78.0,15.416441439796236,3.0
341,Corphish,Water,,"['Adaptability', 'Hyper Cutter', 'Shell Armor']",43,80,65,50,35,35,308,51.333333333333336,16.397831834998456,3.0
342,Crawdaunt,Water,Dark,"['Adaptability', 'Hyper Cutter', 'Shell Armor']",63,120,85,90,55,55,468,78.0,23.2379000772445,3.0
343,Baltoy,Ground,Psychic,['Levitate'],40,40,55,40,70,55,300,50.0,11.180339887498947,3.0
344,Claydol,Ground,Psychic,['Levitate'],60,70,105,70,120,75,500,83.33333333333333,21.53807997220014,3.0
345,Lileep,Rock,Grass,"['Storm Drain', 'Suction Cups']",66,41,77,61,87,23,355,59.16666666666666,21.52840500878368,3.0
346,Cradily,Rock,Grass,"['Storm Drain', 'Suction Cups']",86,81,97,81,107,43,495,82.5,19.94784867264304,3.0
347,Anorith,Rock,Bug,"['Battle Armor', 'Swift Swim']",45,95,50,40,50,75,355,59.16666666666666,19.454362549881253,3.0
348,Armaldo,Rock,Bug,"['Battle Armor', 'Swift Swim']",75,125,100,70,80,45,495,82.5,24.958298553119896,3.0
349,Feebas,Water,,"['Adaptability', 'Oblivious', 'Swift Swim']",20,15,20,10,55,80,200,33.333333333333336,25.440562537456245,3.0
350,Milotic,Water,,"['Competitive', 'Cute Charm', 'Marvel Scale']",95,60,79,100,125,81,540,90.0,20.21550560007508,3.0
351,Castform,Normal,,['Forecast'],70,70,70,70,70,70,420,70.0,0.0,3.0
352,Kecleon,Normal,,"['Color Change', 'Protean']",60,90,70,60,120,40,440,73.33333333333333,25.603819159562025,3.0
353,Shuppet,Ghost,,"['Cursed Body', 'Frisk', 'Insomnia']",44,75,35,63,33,45,295,49.16666666666666,15.082182276521598,3.0
354,Banette,Ghost,,"['Cursed Body', 'Frisk', 'Insomnia']",64,115,65,83,63,65,455,75.83333333333333,18.818578290851008,3.0
355,Duskull,Ghost,,"['Frisk', 'Levitate']",20,40,90,30,90,25,295,49.16666666666666,29.49811670071309,3.0
356,Dusclops,Ghost,,"['Frisk', 'Pressure']",40,70,130,60,130,25,455,75.83333333333333,40.86733278413076,3.0
357,Tropius,Grass,Flying,"['Chlorophyll', 'Harvest', 'Solar Power']",99,68,83,72,87,51,460,76.66666666666667,15.2825245151302,3.0
358,Chimecho,Psychic,,['Levitate'],75,50,80,95,90,65,455,75.83333333333333,15.11529762268088,3.0
359,Absol,Dark,,"['Justified', 'Pressure', 'Super Luck']",65,130,60,75,60,75,465,77.5,24.28133714055577,3.0
360,Wynaut,Psychic,,"['Shadow Tag', 'Telepathy']",95,23,48,23,48,23,260,43.333333333333336,25.66883107757128,3.0
361,Snorunt,Ice,,"['Ice Body', 'Inner Focus', 'Moody']",50,50,50,50,50,50,300,50.0,0.0,3.0
362,Glalie,Ice,,"['Ice Body', 'Inner Focus', 'Moody']",80,80,80,80,80,80,480,80.0,0.0,3.0
363,Spheal,Ice,Water,"['Ice Body', 'Oblivious', 'Thick Fat']",70,40,50,55,50,25,290,48.333333333333336,13.743685418725535,3.0
364,Sealeo,Ice,Water,"['Ice Body', 'Oblivious', 'Thick Fat']",90,60,70,75,70,45,410,68.33333333333333,13.743685418725535,3.0
365,Walrein,Ice,Water,"['Ice Body', 'Oblivious', 'Thick Fat']",110,80,90,95,90,65,530,88.33333333333333,13.743685418725535,3.0
366,Clamperl,Water,,"['Rattled', 'Shell Armor']",35,64,85,74,55,32,345,57.5,19.29378138157474,3.0
367,Huntail,Water,,"['Swift Swim', 'Water Veil']",55,104,105,94,75,52,485,80.83333333333333,21.70573400944757,3.0
368,Gorebyss,Water,,"['Hydration', 'Swift Swim']",55,84,105,114,75,52,485,80.83333333333333,23.19063508305789,3.0
369,Relicanth,Water,Rock,"['Rock Head', 'Sturdy', 'Swift Swim']",100,90,130,45,65,55,485,80.83333333333333,29.071272570854013,3.0
370,Luvdisc,Water,,"['Hydration', 'Swift Swim']",43,30,55,40,65,97,330,55.0,21.82506204649447,3.0
371,Bagon,Dragon,,"['Rock Head', 'Sheer Force']",45,75,60,40,30,50,300,50.0,14.433756729740644,3.0
372,Shelgon,Dragon,,"['Overcoat', 'Rock Head']",65,95,100,60,50,50,420,70.0,20.207259421636905,3.0
373,Salamence,Dragon,Flying,"['Intimidate', 'Moxie']",95,135,80,110,80,100,600,100.0,18.929694486000912,3.0
374,Beldum,Steel,Psychic,"['Clear Body', 'Light Metal']",40,55,80,35,60,30,300,50.0,17.078251276599328,3.0
375,Metang,Steel,Psychic,"['Clear Body', 'Light Metal']",60,75,100,55,80,50,420,70.0,17.078251276599328,3.0
376,Metagross,Steel,Psychic,"['Clear Body', 'Light Metal']",80,135,130,95,90,70,600,100.0,24.324199198877373,3.0
377,Regirock,Rock,,"['Clear Body', 'Sturdy']",80,100,200,50,100,50,580,96.66666666666669,50.55250296034367,3.0
378,Regice,Ice,,"['Clear Body', 'Ice Body']",80,50,100,100,200,50,580,96.66666666666669,50.55250296034367,3.0
379,Registeel,Steel,,"['Clear Body', 'Light Metal']",80,75,150,75,150,50,580,96.66666666666669,38.908725099762506,3.0
380,Latias,Dragon,Psychic,['Levitate'],80,80,90,110,130,110,600,100.0,18.257418583505537,3.0
381,Latios,Dragon,Psychic,['Levitate'],80,90,80,130,110,110,600,100.0,18.257418583505537,3.0
382,Kyogre,Water,,['Drizzle'],100,100,90,150,140,90,670,111.66666666666669,24.09472049133493,3.0
383,Groudon,Ground,,['Drought'],100,150,140,100,90,90,670,111.66666666666669,24.09472049133493,3.0
384,Rayquaza,Dragon,Flying,['Air Lock'],105,150,90,150,90,95,680,113.33333333333331,26.40496586292477,3.0
385,Jirachi,Steel,Psychic,['Serene Grace'],100,100,100,100,100,100,600,100.0,0.0,3.0
387,Turtwig,Grass,,"['Overgrow', 'Shell Armor']",55,68,64,45,55,31,318,53.0,12.26104943849968,4.0
388,Grotle,Grass,,"['Overgrow', 'Shell Armor']",75,89,85,55,65,36,405,67.5,18.16360830525329,4.0
389,Torterra,Grass,Ground,"['Overgrow', 'Shell Armor']",95,109,105,75,85,56,525,87.5,18.16360830525329,4.0
390,Chimchar,Fire,,"['Blaze', 'Iron Fist']",44,58,44,58,44,61,309,51.5,7.566372975210778,4.0
391,Monferno,Fire,Fighting,"['Blaze', 'Iron Fist']",64,78,52,78,52,81,405,67.5,12.216791722870616,4.0
392,Infernape,Fire,Fighting,"['Blaze', 'Iron Fist']",76,104,71,104,71,108,534,89.0,16.47219880080778,4.0
393,Piplup,Water,,"['Defiant', 'Torrent']",53,51,53,61,56,40,314,52.333333333333336,6.368324391514267,4.0
394,Prinplup,Water,,"['Defiant', 'Torrent']",64,66,68,81,76,50,405,67.5,9.793705461502642,4.0
395,Empoleon,Water,Steel,"['Defiant', 'Torrent']",84,86,88,111,101,60,530,88.33333333333333,15.818414023606229,4.0
396,Starly,Normal,Flying,"['Keen Eye', 'Reckless']",40,55,30,30,30,60,245,40.833333333333336,12.38839062276542,4.0
397,Staravia,Normal,Flying,"['Intimidate', 'Reckless']",55,75,50,40,40,80,340,56.66666666666666,15.723301886761009,4.0
398,Staraptor,Normal,Flying,"['Intimidate', 'Reckless']",85,120,70,50,60,100,485,80.83333333333333,23.87758130315733,4.0
399,Bidoof,Normal,,"['Moody', 'Simple', 'Unaware']",59,45,40,35,40,31,250,41.66666666666666,8.900686615212459,4.0
400,Bibarel,Normal,Water,"['Moody', 'Simple', 'Unaware']",79,85,60,55,60,71,410,68.33333333333333,10.918892902772798,4.0
401,Kricketot,Bug,,"['Run Away', 'Shed Skin']",37,25,41,25,41,25,194,32.333333333333336,7.453559924999299,4.0
402,Kricketune,Bug,,"['Swarm', 'Technician']",77,85,51,55,51,65,384,64.0,13.102162671355696,4.0
403,Shinx,Electric,,"['Guts', 'Intimidate', 'Rivalry']",45,65,34,40,34,45,263,43.833333333333336,10.4788146064121,4.0
404,Luxio,Electric,,"['Guts', 'Intimidate', 'Rivalry']",60,85,49,60,49,60,363,60.5,12.010412149464312,4.0
405,Luxray,Electric,,"['Guts', 'Intimidate', 'Rivalry']",80,120,79,95,79,70,523,87.16666666666667,16.425758903489225,4.0
406,Budew,Grass,Poison,"['Leaf Guard', 'Natural Cure', 'Poison Point']",40,30,35,50,70,55,280,46.66666666666666,13.43709624716425,4.0
407,Roserade,Grass,Poison,"['Natural Cure', 'Poison Point', 'Technician']",60,70,65,125,105,90,515,85.83333333333333,23.348209543536505,4.0
408,Cranidos,Rock,,"['Mold Breaker', 'Sheer Force']",67,125,40,30,30,58,350,58.333333333333336,32.81598526463725,4.0
409,Rampardos,Rock,,"['Mold Breaker', 'Sheer Force']",97,165,60,65,50,58,495,82.5,39.76074278313556,4.0
410,Shieldon,Rock,Steel,"['Soundproof', 'Sturdy']",30,42,118,42,88,30,350,58.333333333333336,33.11428023610895,4.0
411,Bastiodon,Rock,Steel,"['Soundproof', 'Sturdy']",60,52,168,47,138,30,495,82.5,51.38660655592402,4.0
412,Burmy,Bug,,"['Overcoat', 'Shed Skin']",40,29,45,29,45,36,224,37.333333333333336,6.649979114420002,4.0
414,Mothim,Bug,Flying,"['Swarm', 'Tinted Lens']",70,94,50,94,50,66,424,70.66666666666667,18.09849594733097,4.0
415,Combee,Bug,Flying,"['Honey Gather', 'Hustle']",30,30,42,30,42,70,244,40.66666666666666,14.173527750312864,4.0
416,Vespiquen,Bug,Flying,"['Pressure', 'Unnerve']",70,80,102,80,102,40,474,79.0,21.06339637063944,4.0
417,Pachirisu,Electric,,"['Pickup', 'Run Away', 'Volt Absorb']",60,45,70,45,90,95,405,67.5,19.737865470545017,4.0
418,Buizel,Water,,"['Swift Swim', 'Water Veil']",55,65,35,60,30,85,330,55.0,18.48422751068236,4.0
419,Floatzel,Water,,"['Swift Swim', 'Water Veil']",85,105,55,85,50,115,495,82.5,23.76096238230542,4.0
420,Cherubi,Grass,,['Chlorophyll'],45,35,45,62,53,35,275,45.833333333333336,9.564111156935716,4.0
421,Cherrim,Grass,,['Flower Gift'],70,60,70,87,78,85,450,75.0,9.38083151964686,4.0
422,Shellos,Water,,"['Sand Force', 'Sticky Hold', 'Storm Drain']",76,48,48,57,62,34,325,54.16666666666666,13.094740250276912,4.0
423,Gastrodon,Water,Ground,"['Sand Force', 'Sticky Hold', 'Storm Drain']",111,83,68,92,82,39,475,79.16666666666667,22.13155113306692,4.0
424,Ambipom,Normal,,"['Pickup', 'Skill Link', 'Technician']",75,100,66,60,66,115,482,80.33333333333333,20.17148702720969,4.0
425,Drifloon,Ghost,Flying,"['Aftermath', 'Flare Boost', 'Unburden']",90,50,34,60,44,70,348,58.0,18.29389697868299,4.0
426,Drifblim,Ghost,Flying,"['Aftermath', 'Flare Boost', 'Unburden']",150,80,44,90,54,80,498,83.0,33.95585369269929,4.0
427,Buneary,Normal,,"['Klutz', 'Limber', 'Run Away']",55,66,44,44,56,85,350,58.333333333333336,14.12641340027806,4.0
428,Lopunny,Normal,,"['Cute Charm', 'Klutz', 'Limber']",65,76,84,54,96,105,480,80.0,17.3877351409933,4.0
429,Mismagius,Ghost,,['Levitate'],60,60,60,105,105,105,495,82.5,22.5,4.0
430,Honchkrow,Dark,Flying,"['Insomnia', 'Moxie', 'Super Luck']",100,125,52,105,52,71,505,84.16666666666667,27.673192001566346,4.0
431,Glameow,Normal,,"['Keen Eye', 'Limber', 'Own Tempo']",49,55,42,42,37,85,310,51.66666666666666,15.975675955095678,4.0
432,Purugly,Normal,,"['Defiant', 'Own Tempo', 'Thick Fat']",71,82,64,64,59,112,452,75.33333333333333,17.94126218773052,4.0
433,Chingling,Psychic,,['Levitate'],45,30,50,65,50,45,285,47.5,10.307764064044152,4.0
434,Stunky,Poison,Dark,"['Aftermath', 'Keen Eye', 'Stench']",63,63,47,41,41,74,329,54.833333333333336,12.548793656054045,4.0
435,Skuntank,Poison,Dark,"['Aftermath', 'Keen Eye', 'Stench']",103,93,67,71,61,84,479,79.83333333333333,14.85952743378993,4.0
436,Bronzor,Steel,Psychic,"['Heatproof', 'Heavy Metal', 'Levitate']",57,24,86,24,86,23,300,50.0,28.053520278211074,4.0
437,Bronzong,Steel,Psychic,"['Heatproof', 'Heavy Metal', 'Levitate']",67,89,116,79,116,33,500,83.33333333333333,28.82514334550461,4.0
438,Bonsly,Rock,,"['Rattled', 'Rock Head', 'Sturdy']",50,80,95,10,45,10,290,48.333333333333336,31.97221015541813,4.0
440,Happiny,Normal,,"['Friend Guard', 'Natural Cure', 'Serene Grace']",100,5,5,15,65,30,220,36.66666666666666,34.96029493900505,4.0
441,Chatot,Normal,Flying,"['Big Pecks', 'Keen Eye', 'Tangled Feet']",76,65,45,92,42,91,411,68.5,19.92276754536544,4.0
442,Spiritomb,Ghost,Dark,"['Infiltrator', 'Pressure']",50,92,108,92,108,35,485,80.83333333333333,28.215933245045942,4.0
443,Gible,Dragon,Ground,"['Rough Skin', 'Sand Veil']",58,70,45,40,45,42,300,50.0,10.63014581273465,4.0
444,Gabite,Dragon,Ground,"['Rough Skin', 'Sand Veil']",68,90,65,50,55,82,410,68.33333333333333,14.031710119899458,4.0
445,Garchomp,Dragon,Ground,"['Rough Skin', 'Sand Veil']",108,130,95,80,85,102,600,100.0,16.421530582338136,4.0
446,Munchlax,Normal,,"['Gluttony', 'Pickup', 'Thick Fat']",135,85,40,40,85,5,390,65.0,41.93248541803041,4.0
447,Riolu,Fighting,,"['Inner Focus', 'Prankster', 'Steadfast']",40,70,40,35,40,60,285,47.5,12.82900359861721,4.0
448,Lucario,Fighting,Steel,"['Inner Focus', 'Justified', 'Steadfast']",70,110,70,115,70,90,525,87.5,19.09406539564933,4.0
449,Hippopotas,Ground,,"['Sand Force', 'Sand Stream']",68,72,78,38,42,32,330,55.0,18.138357147217054,4.0
450,Hippowdon,Ground,,"['Sand Force', 'Sand Stream']",108,112,118,68,72,47,525,87.5,26.493709945318468,4.0
451,Skorupi,Poison,Bug,"['Battle Armor', 'Keen Eye', 'Sniper']",40,50,90,30,55,65,330,55.0,19.14854215512676,4.0
452,Drapion,Poison,Dark,"['Battle Armor', 'Keen Eye', 'Sniper']",70,90,110,60,75,95,500,83.33333333333333,16.74979270186815,4.0
453,Croagunk,Poison,Fighting,"['Anticipation', 'Dry Skin', 'Poison Touch']",48,61,40,61,40,50,300,50.0,8.621678104251709,4.0
454,Toxicroak,Poison,Fighting,"['Anticipation', 'Dry Skin', 'Poison Touch']",83,106,65,86,65,85,490,81.66666666666667,14.019827229875393,4.0
455,Carnivine,Grass,,['Levitate'],74,100,72,90,72,46,454,75.66666666666667,16.868774571839992,4.0
456,Finneon,Water,,"['Storm Drain', 'Swift Swim', 'Water Veil']",49,49,56,49,61,66,330,55.0,6.6583281184793925,4.0
457,Lumineon,Water,,"['Storm Drain', 'Swift Swim', 'Water Veil']",69,69,76,69,86,91,460,76.66666666666667,8.844332774281066,4.0
458,Mantyke,Water,Flying,"['Swift Swim', 'Water Absorb', 'Water Veil']",45,20,50,60,120,50,345,57.5,30.516389039334257,4.0
459,Snover,Grass,Ice,"['Snow Warning', 'Soundproof']",60,62,50,62,60,40,334,55.66666666666666,8.117197107923946,4.0
460,Abomasnow,Grass,Ice,"['Snow Warning', 'Soundproof']",90,92,75,92,85,60,494,82.33333333333333,11.585431464655178,4.0
461,Weavile,Dark,Ice,"['Pickpocket', 'Pressure']",70,120,65,45,85,125,510,85.0,29.011491975882016,4.0
462,Magnezone,Electric,Steel,"['Analytic', 'Magnet Pull', 'Sturdy']",70,70,115,130,90,60,535,89.16666666666667,25.56310275029661,4.0
463,Lickilicky,Normal,,"['Cloud Nine', 'Oblivious', 'Own Tempo']",110,85,95,80,95,50,515,85.83333333333333,18.577914008006623,4.0
464,Rhyperior,Ground,Rock,"['Lightning Rod', 'Reckless', 'Solid Rock']",115,140,130,55,55,40,535,89.16666666666667,40.14729823481969,4.0
465,Tangrowth,Grass,,"['Chlorophyll', 'Leaf Guard', 'Regenerator']",100,100,125,110,50,50,535,89.16666666666667,28.92759159618297,4.0
466,Electivire,Electric,,"['Motor Drive', 'Vital Spirit']",75,123,67,95,85,95,540,90.0,17.879224442538515,4.0
467,Magmortar,Fire,,"['Flame Body', 'Vital Spirit']",75,95,67,125,95,83,540,90.0,18.610033136277146,4.0
468,Togekiss,Fairy,Flying,"['Hustle', 'Serene Grace', 'Super Luck']",85,50,95,120,115,80,545,90.83333333333331,23.348209543536505,4.0
469,Yanmega,Bug,Flying,"['Frisk', 'Speed Boost', 'Tinted Lens']",86,76,86,116,56,95,515,85.83333333333333,18.169724513291023,4.0
470,Leafeon,Grass,,"['Chlorophyll', 'Leaf Guard']",65,110,130,60,65,95,525,87.5,26.25991876098121,4.0
471,Glaceon,Ice,,"['Ice Body', 'Snow Cloak']",65,60,110,130,95,65,525,87.5,26.25991876098121,4.0
472,Gliscor,Ground,Flying,"['Hyper Cutter', 'Poison Heal', 'Sand Veil']",75,95,125,45,75,95,510,85.0,24.49489742783178,4.0
473,Mamoswine,Ice,Ground,"['Oblivious', 'Snow Cloak', 'Thick Fat']",110,130,80,70,60,80,530,88.33333333333333,24.09472049133493,4.0
475,Gallade,Psychic,Fighting,"['Justified', 'Steadfast']",68,125,65,65,115,80,518,86.33333333333333,24.506235034283737,4.0
476,Probopass,Rock,Steel,"['Magnet Pull', 'Sand Force', 'Sturdy']",60,55,145,75,150,40,525,87.5,43.66062299143245,4.0
477,Dusknoir,Ghost,,"['Frisk', 'Pressure']",45,100,135,65,135,45,525,87.5,38.26987501068344,4.0
478,Froslass,Ice,Ghost,"['Cursed Body', 'Snow Cloak']",70,80,70,80,70,110,480,80.0,14.142135623730953,4.0
479,Rotom,Electric,Ghost,['Levitate'],50,50,77,95,77,91,440,73.33333333333333,17.78263822446552,4.0
480,Uxie,Psychic,,['Levitate'],75,75,130,75,130,95,580,96.66666666666669,24.60803843372233,4.0
481,Mesprit,Psychic,,['Levitate'],80,105,105,105,105,80,580,96.66666666666669,11.78511301977579,4.0
482,Azelf,Psychic,,['Levitate'],75,125,70,125,70,115,580,96.66666666666669,25.27625148017184,4.0
483,Dialga,Steel,Dragon,"['Pressure', 'Telepathy']",100,120,120,150,100,90,680,113.33333333333331,19.72026594366539,4.0
484,Palkia,Water,Dragon,"['Pressure', 'Telepathy']",90,120,100,150,120,100,680,113.33333333333331,19.72026594366539,4.0
485,Heatran,Fire,Steel,"['Flame Body', 'Flash Fire']",91,90,106,130,106,77,600,100.0,16.743157806499145,4.0
486,Regigigas,Normal,,['Slow Start'],110,160,110,80,110,100,670,111.66666666666669,24.094720491334936,4.0
487,Giratina,Ghost,Dragon,"['Pressure', 'Telepathy']",150,100,120,100,120,90,680,113.33333333333331,19.72026594366539,4.0
488,Cresselia,Psychic,,['Levitate'],120,70,120,75,130,85,600,100.0,23.9791576165636,4.0
489,Phione,Water,,['Hydration'],80,80,80,80,80,80,480,80.0,0.0,4.0
490,Manaphy,Water,,['Hydration'],100,100,100,100,100,100,600,100.0,0.0,4.0
491,Darkrai,Dark,,['Bad Dreams'],70,90,90,135,90,125,600,100.0,22.54624876411447,4.0
492,Shaymin,Grass,,['Natural Cure'],100,100,100,100,100,100,600,100.0,0.0,4.0
493,Arceus,Normal,,['Multitype'],120,120,120,120,120,120,720,120.0,0.0,4.0
